chr,strand,gencode_id,gene_type,gene_symbol
chr4,+,ENSG00000250938.8,lncRNA,MAD2L1-DT
chr4,+,ENSG00000286320.2,lncRNA,ENSG00000286320
chr1,+,ENSG00000215717.7,protein_coding,TMEM167B
chr3,-,ENSG00000265028.1,miRNA,ENSG00000265028
chr9,-,ENSG00000242375.1,lncRNA,ENSG00000242375
chr1,-,ENSG00000143199.18,protein_coding,ADCY10
chr5,+,ENSG00000181751.10,protein_coding,MACIR
chr3,-,ENSG00000290763.1,lncRNA,SDHAP1
chr8,+,ENSG00000157168.22,protein_coding,NRG1
chr9,+,ENSG00000130956.14,protein_coding,HABP4
chr5,-,ENSG00000250360.1,lncRNA,ENSG00000250360
chr4,-,ENSG00000250532.1,lncRNA,ENSG00000250532
chr1,+,ENSG00000067704.10,protein_coding,IARS2
chr10,-,ENSG00000226083.5,lncRNA,SLC39A12-AS1
chr8,-,ENSG00000136960.13,protein_coding,ENPP2
chr8,+,ENSG00000253263.1,lncRNA,ENSG00000253263
chr10,+,ENSG00000272381.2,lncRNA,LINC02664
chr2,+,ENSG00000236854.2,lncRNA,ENSG00000236854
chr10,-,ENSG00000188716.6,protein_coding,DUSP29
chr7,-,ENSG00000284707.2,lncRNA,ENSG00000284707
chr4,+,ENSG00000210839.1,snRNA,RNU6ATAC5P
chr7,+,ENSG00000106333.13,protein_coding,PCOLCE
chr3,-,ENSG00000236385.1,lncRNA,ENSG00000236385
chr4,-,ENSG00000163735.7,protein_coding,CXCL5
chr8,-,ENSG00000260721.1,lncRNA,ENSG00000260721
chr9,+,ENSG00000197355.11,protein_coding,UAP1L1
chr9,+,ENSG00000207595.1,miRNA,MIR181A2
chr5,+,ENSG00000259861.1,lncRNA,ENSG00000259861
chr8,-,ENSG00000179577.4,lncRNA,ENSG00000179577
chr5,-,ENSG00000251487.1,lncRNA,ENSG00000251487
chr5,-,ENSG00000249476.2,lncRNA,ENSG00000249476
chr4,+,ENSG00000272304.1,lncRNA,ENSG00000272304
chr1,+,ENSG00000117691.10,protein_coding,NENF
chr3,+,ENSG00000182247.11,protein_coding,UBE2E2
chr1,+,ENSG00000203740.4,protein_coding,NTMT2
chr1,+,ENSG00000224525.2,lncRNA,ENSG00000224525
chr9,+,ENSG00000136870.11,protein_coding,ZNF189
chr8,+,ENSG00000282375.1,lncRNA,ENSG00000282375
chr8,-,ENSG00000260588.1,lncRNA,ENSG00000260588
chr10,-,ENSG00000272572.1,lncRNA,ENSG00000272572
chr2,+,ENSG00000261117.1,lncRNA,ENSG00000261117
chr8,+,ENSG00000158669.11,protein_coding,GPAT4
chr6,-,ENSG00000230943.4,lncRNA,LINC02541
chr3,-,ENSG00000274810.4,protein_coding,NPHP3-ACAD11
chr2,+,ENSG00000272002.1,lncRNA,LINC02973
chr1,-,ENSG00000289192.1,lncRNA,ENSG00000289192
chr8,-,ENSG00000253549.6,lncRNA,CA3-AS1
chr1,+,ENSG00000173673.9,protein_coding,HES3
chr7,-,ENSG00000240230.6,protein_coding,COX19
chr2,+,ENSG00000196811.13,protein_coding,CHRNG
chr5,-,ENSG00000279686.1,protein_coding,ENSG00000279686
chr9,+,ENSG00000203364.2,lncRNA,ENSG00000203364
chr5,-,ENSG00000238835.1,snoRNA,SCARNA18
chr10,+,ENSG00000107518.18,protein_coding,ATRNL1
chr6,+,ENSG00000146047.7,protein_coding,H2BC1
chr8,-,ENSG00000253470.1,lncRNA,ENSG00000253470
chr6,+,ENSG00000200799.1,snRNA,RNU6-770P
chr1,+,ENSG00000253074.1,snRNA,RNU6-586P
chr10,-,ENSG00000165669.14,protein_coding,FAM204A
chr4,+,ENSG00000170801.10,protein_coding,HTRA3
chr1,+,ENSG00000224363.2,lncRNA,ENSG00000224363
chr6,-,ENSG00000050393.12,protein_coding,MCUR1
chr9,-,ENSG00000130948.10,protein_coding,HSD17B3
chr2,-,ENSG00000182551.14,protein_coding,ADI1
chr5,+,ENSG00000184840.12,protein_coding,TMED9
chr1,-,ENSG00000233602.1,lncRNA,ERI3-IT1
chr2,-,ENSG00000235403.1,lncRNA,ENSG00000235403
chr3,-,ENSG00000114378.17,protein_coding,HYAL1
chr9,-,ENSG00000165138.18,protein_coding,ANKS6
chr6,+,ENSG00000146374.14,protein_coding,RSPO3
chr2,+,ENSG00000158158.12,protein_coding,CNNM4
chr1,-,ENSG00000221978.13,protein_coding,CCNL2
chr4,+,ENSG00000290803.1,lncRNA,ENSG00000290803
chr1,+,ENSG00000275207.1,miRNA,MIR6740
chr7,+,ENSG00000199700.1,snRNA,RNU6-223P
chr6,+,ENSG00000078269.15,protein_coding,SYNJ2
chr2,-,ENSG00000085982.16,protein_coding,USP40
chr8,-,ENSG00000160957.15,protein_coding,RECQL4
chr1,-,ENSG00000291217.1,lncRNA,LINC01347
chr1,-,ENSG00000162613.18,protein_coding,FUBP1
chr6,+,ENSG00000266619.1,miRNA,MIR4642
chr1,-,ENSG00000229167.2,lncRNA,ENSG00000229167
chr2,-,ENSG00000237271.2,lncRNA,ENSG00000237271
chr6,-,ENSG00000173612.10,protein_coding,GPRC6A
chr7,+,ENSG00000244219.7,protein_coding,TMEM225B
chr1,+,ENSG00000237520.2,lncRNA,LINC02971
chr6,-,ENSG00000112462.8,protein_coding,OR12D3
chr1,-,ENSG00000265986.1,miRNA,MIR4735
chr1,+,ENSG00000273768.1,snRNA,RNVU1-29
chr1,+,ENSG00000162843.18,protein_coding,WDR64
chr10,+,ENSG00000197142.11,protein_coding,ACSL5
chr7,-,ENSG00000286507.1,lncRNA,ENSG00000286507
chr5,-,ENSG00000271715.1,lncRNA,ENSG00000271715
chr7,+,ENSG00000146729.10,protein_coding,NIPSNAP2
chr3,+,ENSG00000288720.2,lncRNA,ENSG00000288720
chr2,-,ENSG00000252223.1,snRNA,RNU6-1049P
chr10,-,ENSG00000237128.1,lncRNA,LINC02652
chr4,-,ENSG00000180712.5,lncRNA,LINC02363
chr3,-,ENSG00000260633.1,lncRNA,ENSG00000260633
chr7,-,ENSG00000229937.9,protein_coding,PRPS1L1
chr6,-,ENSG00000234261.6,lncRNA,ENSG00000234261
chr1,-,ENSG00000235131.1,lncRNA,TP73-AS2
chr5,+,ENSG00000172262.12,protein_coding,ZNF131
chr9,-,ENSG00000226825.2,lncRNA,LINC01509
chr1,+,ENSG00000230955.1,lncRNA,ENSG00000230955
chr1,-,ENSG00000271810.5,protein_coding,ENSG00000271810
chr1,+,ENSG00000283445.1,lncRNA,ENSG00000283445
chr1,-,ENSG00000271387.1,lncRNA,C1orf21-DT
chr7,-,ENSG00000106348.19,protein_coding,IMPDH1
chr6,-,ENSG00000287674.1,lncRNA,ENSG00000287674
chr1,+,ENSG00000284485.1,miRNA,MIR205
chr9,+,ENSG00000230945.1,lncRNA,LINC01507
chr5,-,ENSG00000164398.15,protein_coding,ACSL6
chr4,+,ENSG00000090316.16,protein_coding,MAEA
chr1,+,ENSG00000284668.2,lncRNA,LINC02780
chr6,-,ENSG00000287558.1,lncRNA,ENSG00000287558
chr1,+,ENSG00000131914.11,protein_coding,LIN28A
chr2,+,ENSG00000290018.1,lncRNA,ENSG00000290018
chr3,-,ENSG00000199488.1,snRNA,RNU1-70P
chr4,+,ENSG00000250192.1,lncRNA,ENSG00000250192
chr8,+,ENSG00000248738.6,lncRNA,ENSG00000248738
chr5,+,ENSG00000248367.2,lncRNA,ENSG00000248367
chr3,-,ENSG00000163710.9,protein_coding,PCOLCE2
chr2,-,ENSG00000264010.1,miRNA,MIR4429
chr2,+,ENSG00000226806.1,lncRNA,LCT-AS1
chr5,-,ENSG00000207756.1,miRNA,MIR580
chr10,-,ENSG00000280561.1,lncRNA,ENSG00000280561
chr6,+,ENSG00000277443.3,protein_coding,MARCKS
chr1,+,ENSG00000183347.15,protein_coding,GBP6
chr4,-,ENSG00000250920.3,lncRNA,ENSG00000250920
chr5,+,ENSG00000290556.1,lncRNA,ENSG00000290556
chr5,-,ENSG00000131495.9,protein_coding,NDUFA2
chr7,-,ENSG00000164600.7,protein_coding,NEUROD6
chr4,-,ENSG00000109132.7,protein_coding,PHOX2B
chr8,-,ENSG00000246339.6,lncRNA,EXTL3-AS1
chr7,-,ENSG00000146574.16,protein_coding,CCZ1B
chr2,-,ENSG00000228474.6,protein_coding,OST4
chr3,-,ENSG00000276147.1,miRNA,MIR548AY
chr4,-,ENSG00000138760.11,protein_coding,SCARB2
chr2,-,ENSG00000231334.2,lncRNA,EML6-AS1
chr7,+,ENSG00000221910.3,protein_coding,OR2F2
chr5,+,ENSG00000286454.1,lncRNA,ENSG00000286454
chr7,-,ENSG00000207656.1,miRNA,MIR489
chr3,-,ENSG00000242094.1,lncRNA,FOXP1-IT1
chr6,+,ENSG00000287992.1,lncRNA,ENSG00000287992
chr8,+,ENSG00000253532.1,lncRNA,ENSG00000253532
chr7,+,ENSG00000228521.2,lncRNA,ENSG00000228521
chr3,-,ENSG00000291091.1,lncRNA,SDHAP4
chr10,+,ENSG00000200545.2,snoRNA,U3
chr8,+,ENSG00000288596.2,lncRNA,C8orf44
chr1,-,ENSG00000120937.9,protein_coding,NPPB
chr10,-,ENSG00000223528.7,lncRNA,ENSG00000223528
chr3,+,ENSG00000240478.1,lncRNA,ENSG00000240478
chr8,+,ENSG00000254302.2,lncRNA,ENSG00000254302
chr9,-,ENSG00000228189.5,lncRNA,LINC02843
chr7,+,ENSG00000281120.1,lncRNA,ENSG00000281120
chr6,+,ENSG00000137251.16,protein_coding,TINAG
chr1,-,ENSG00000084628.10,protein_coding,NKAIN1
chr2,+,ENSG00000170485.17,protein_coding,NPAS2
chr7,-,ENSG00000259826.1,lncRNA,CDK13-DT
chr5,-,ENSG00000145901.16,protein_coding,TNIP1
chr3,-,ENSG00000114383.10,protein_coding,TUSC2
chr1,-,ENSG00000159173.20,protein_coding,TNNI1
chr7,-,ENSG00000232072.1,lncRNA,ENSG00000232072
chr7,-,ENSG00000291118.1,lncRNA,ZNF767P
chr1,+,ENSG00000116161.18,protein_coding,CACYBP
chr7,+,ENSG00000122674.12,protein_coding,CCZ1
chr8,+,ENSG00000253530.2,lncRNA,ENSG00000253530
chr1,+,ENSG00000142784.16,protein_coding,WDTC1
chr9,+,ENSG00000289227.1,lncRNA,ENSG00000289227
chr6,-,ENSG00000285639.1,lncRNA,ENSG00000285639
chr3,-,ENSG00000268129.2,lncRNA,ENSG00000268129
chr1,-,ENSG00000289554.1,lncRNA,ENSG00000289554
chr8,+,ENSG00000270988.1,lncRNA,ENSG00000270988
chr8,+,ENSG00000184661.14,protein_coding,CDCA2
chr7,-,ENSG00000272918.1,lncRNA,ENSG00000272918
chr10,-,ENSG00000169740.14,protein_coding,ZNF32
chr1,+,ENSG00000163382.13,protein_coding,NAXE
chr10,-,ENSG00000152457.19,protein_coding,DCLRE1C
chr4,+,ENSG00000290015.1,lncRNA,ENSG00000290015
chr4,-,ENSG00000059691.12,protein_coding,GATB
chr1,+,ENSG00000117640.18,protein_coding,MTFR1L
chr4,-,ENSG00000007062.12,protein_coding,PROM1
chr2,+,ENSG00000115541.11,protein_coding,HSPE1
chr2,-,ENSG00000197872.11,protein_coding,CYRIA
chr6,+,ENSG00000265226.1,miRNA,MIR548AI
chr7,-,ENSG00000199971.1,snRNA,RNU6-797P
chr4,-,ENSG00000250632.1,lncRNA,LINC02171
chr1,-,ENSG00000160691.19,protein_coding,SHC1
chr5,+,ENSG00000091010.6,protein_coding,POU4F3
chr1,+,ENSG00000143443.10,protein_coding,C1orf56
chr2,-,ENSG00000272027.2,lncRNA,ENSG00000272027
chr1,-,ENSG00000187144.11,protein_coding,SPATA21
chr2,+,ENSG00000220256.4,lncRNA,ENSG00000220256
chr2,+,ENSG00000172318.6,protein_coding,B3GALT1
chr1,+,ENSG00000228830.1,lncRNA,ENSG00000228830
chr3,-,ENSG00000199286.1,snRNA,RNU6-1094P
chr6,-,ENSG00000230205.1,lncRNA,ENSG00000230205
chr5,+,ENSG00000251365.6,lncRNA,LINC02236
chr5,-,ENSG00000216009.3,miRNA,MIR874
chr1,+,ENSG00000173846.13,protein_coding,PLK3
chr9,-,ENSG00000287465.1,lncRNA,ENSG00000287465
chr3,-,ENSG00000114745.15,protein_coding,GORASP1
chr3,-,ENSG00000280571.2,protein_coding,ENSG00000280571
chr7,-,ENSG00000285596.1,lncRNA,ENSG00000285596
chr7,-,ENSG00000229379.1,lncRNA,ENSG00000229379
chr10,+,ENSG00000186766.8,protein_coding,FOXI2
chr5,+,ENSG00000250256.1,lncRNA,ENSG00000250256
chr8,+,ENSG00000070718.13,protein_coding,AP3M2
chr1,+,ENSG00000158828.8,protein_coding,PINK1
chr5,+,ENSG00000255647.3,lncRNA,ENSG00000255647
chr10,-,ENSG00000172731.15,protein_coding,LRRC20
chr4,+,ENSG00000164070.12,protein_coding,HSPA4L
chr1,+,ENSG00000235782.1,lncRNA,ENSG00000235782
chr9,+,ENSG00000286474.1,lncRNA,ENSG00000286474
chr3,-,ENSG00000287941.1,lncRNA,ENSG00000287941
chr1,+,ENSG00000180198.17,protein_coding,RCC1
chr1,-,ENSG00000283360.1,lncRNA,ENSG00000283360
chr10,-,ENSG00000277218.1,lncRNA,ENSG00000277218
chr8,-,ENSG00000283210.1,miRNA,MIR1322
chr1,+,ENSG00000224699.11,lncRNA,LAMTOR5-AS1
chr5,+,ENSG00000071539.14,protein_coding,TRIP13
chr2,-,ENSG00000263363.1,miRNA,MIR5702
chr4,-,ENSG00000249392.1,lncRNA,ENSG00000249392
chr10,-,ENSG00000226647.2,lncRNA,ENSG00000226647
chr9,+,ENSG00000232590.1,lncRNA,ENSG00000232590
chr7,+,ENSG00000272219.1,lncRNA,ENSG00000272219
chr5,-,ENSG00000290560.1,lncRNA,ENSG00000290560
chr1,-,ENSG00000226375.1,lncRNA,ENSG00000226375
chr9,+,ENSG00000230729.1,lncRNA,ENSG00000230729
chr3,-,ENSG00000214237.11,protein_coding,MINDY4B
chr2,+,ENSG00000197644.2,lncRNA,ENSG00000197644
chr3,+,ENSG00000228109.2,lncRNA,MELTF-AS1
chr9,+,ENSG00000283526.2,protein_coding,PRRT1B
chr7,-,ENSG00000277138.1,miRNA,MIR6509
chr9,+,ENSG00000136816.16,protein_coding,TOR1B
chr2,+,ENSG00000276087.2,protein_coding,ENSG00000276087
chr5,+,ENSG00000245662.4,lncRNA,LINC02211
chr1,-,ENSG00000286754.1,lncRNA,ENSG00000286754
chr5,-,ENSG00000286644.1,lncRNA,ENSG00000286644
chr6,+,ENSG00000285717.1,lncRNA,ENSG00000285717
chr4,+,ENSG00000283083.2,lncRNA,LINC02498
chr1,+,ENSG00000176022.7,protein_coding,B3GALT6
chr5,+,ENSG00000272335.1,lncRNA,ENSG00000272335
chr4,-,ENSG00000198189.11,protein_coding,HSD17B11
chr8,-,ENSG00000255206.1,lncRNA,ENSG00000255206
chr7,+,ENSG00000229452.1,lncRNA,CPVL-AS1
chr5,-,ENSG00000250472.1,lncRNA,TRIM36-IT1
chr5,+,ENSG00000205279.9,protein_coding,CTXN3
chr8,+,ENSG00000147614.4,protein_coding,ATP6V0D2
chr8,+,ENSG00000147606.9,protein_coding,SLC26A7
chr6,-,ENSG00000255330.9,protein_coding,ENSG00000255330
chr2,+,ENSG00000135925.9,protein_coding,WNT10A
chr6,+,ENSG00000289609.2,lncRNA,ENSG00000289609
chr6,+,ENSG00000285838.2,lncRNA,ENSG00000285838
chr9,-,ENSG00000136859.10,protein_coding,ANGPTL2
chr4,-,ENSG00000050730.16,protein_coding,TNIP3
chr5,-,ENSG00000206774.1,snRNA,RNU6-211P
chr3,-,ENSG00000268509.2,lncRNA,ENSG00000268509
chr2,+,ENSG00000247626.5,protein_coding,MARS2
chr9,-,ENSG00000234921.1,lncRNA,ENSG00000234921
chr4,-,ENSG00000254535.4,protein_coding,PABPC4L
chr6,-,ENSG00000118432.13,protein_coding,CNR1
chr2,+,ENSG00000183308.6,lncRNA,ENSG00000183308
chr5,-,ENSG00000248137.1,lncRNA,ENSG00000248137
chr2,-,ENSG00000115128.7,protein_coding,SF3B6
chr4,-,ENSG00000249901.1,lncRNA,ENSG00000249901
chr4,-,ENSG00000287188.1,lncRNA,ENSG00000287188
chr6,-,ENSG00000286042.1,lncRNA,LCAL1
chr3,-,ENSG00000033867.17,protein_coding,SLC4A7
chr1,+,ENSG00000222009.9,protein_coding,BTBD19
chr7,-,ENSG00000261629.1,lncRNA,ENSG00000261629
chr6,+,ENSG00000118689.15,protein_coding,FOXO3
chr10,+,ENSG00000223834.5,lncRNA,ENSG00000223834
chr9,+,ENSG00000136877.15,protein_coding,FPGS
chr2,+,ENSG00000169605.7,protein_coding,GKN1
chr1,+,ENSG00000162852.14,protein_coding,CNST
chr6,-,ENSG00000204314.12,protein_coding,PRRT1
chr3,-,ENSG00000289069.1,lncRNA,ENSG00000289069
chr4,+,ENSG00000157404.17,protein_coding,KIT
chr1,-,ENSG00000228918.5,lncRNA,LINC01344
chr2,+,ENSG00000143994.14,protein_coding,ABHD1
chr2,-,ENSG00000123612.16,protein_coding,ACVR1C
chr2,-,ENSG00000238012.2,lncRNA,ENSG00000238012
chr7,-,ENSG00000234471.1,lncRNA,ENSG00000234471
chr5,+,ENSG00000207052.1,snRNA,RNU6-378P
chr6,-,ENSG00000124493.14,protein_coding,GRM4
chr2,-,ENSG00000289157.1,lncRNA,ENSG00000289157
chr9,+,ENSG00000171159.5,protein_coding,BBLN
chr6,-,ENSG00000183826.19,protein_coding,BTBD9
chr10,+,ENSG00000273012.1,lncRNA,ENSG00000273012
chr8,-,ENSG00000147324.11,protein_coding,MFHAS1
chr2,+,ENSG00000226994.9,lncRNA,ENSG00000226994
chr5,+,ENSG00000248779.1,lncRNA,ENSG00000248779
chr6,-,ENSG00000161896.12,protein_coding,IP6K3
chr1,-,ENSG00000162670.11,protein_coding,BRINP3
chr2,+,ENSG00000202429.1,snRNA,RNU4-48P
chr10,-,ENSG00000171311.13,protein_coding,EXOSC1
chr3,+,ENSG00000265956.1,miRNA,MIR4445
chr7,+,ENSG00000166997.8,protein_coding,CNPY4
chr1,+,ENSG00000223306.2,snRNA,RNU6-1304P
chr10,-,ENSG00000234640.1,lncRNA,ENSG00000234640
chr2,+,ENSG00000237750.2,lncRNA,KCNH7-AS1
chr3,+,ENSG00000251787.1,snRNA,RNU7-47P
chr8,+,ENSG00000253339.4,lncRNA,ENSG00000253339
chr1,-,ENSG00000272506.1,lncRNA,ENSG00000272506
chr2,+,ENSG00000204104.12,protein_coding,TRAF3IP1
chr1,+,ENSG00000197312.13,protein_coding,DDI2
chr6,-,ENSG00000287297.1,lncRNA,ENSG00000287297
chr3,-,ENSG00000287022.1,lncRNA,ENSG00000287022
chr3,+,ENSG00000172940.13,protein_coding,SLC22A13
chr7,+,ENSG00000224101.1,lncRNA,ELMO1-AS1
chr1,+,ENSG00000158793.14,protein_coding,NIT1
chr2,-,ENSG00000283238.1,miRNA,MIR1245B
chr3,-,ENSG00000199577.1,snRNA,RNU6-822P
chr8,+,ENSG00000147533.19,protein_coding,GOLGA7
chr5,+,ENSG00000204909.8,protein_coding,SPINK9
chr4,-,ENSG00000287948.1,lncRNA,ENSG00000287948
chr3,+,ENSG00000261146.1,lncRNA,ENSG00000261146
chr4,+,ENSG00000251059.6,lncRNA,PRKG2-AS1
chr10,-,ENSG00000226387.2,lncRNA,SORCS3-AS1
chr10,-,ENSG00000289739.1,lncRNA,ENSG00000289739
chr6,-,ENSG00000112053.14,protein_coding,SLC26A8
chr6,-,ENSG00000287359.1,lncRNA,ENSG00000287359
chr4,-,ENSG00000266698.1,miRNA,MIR3945
chr1,-,ENSG00000227589.1,lncRNA,TP73-AS3
chr2,+,ENSG00000115520.9,protein_coding,COQ10B
chr5,-,ENSG00000251324.1,lncRNA,LINC01386
chr3,+,ENSG00000240573.1,lncRNA,ENSG00000240573
chr9,+,ENSG00000186051.7,protein_coding,TAL2
chr1,-,ENSG00000174059.17,protein_coding,CD34
chr9,+,ENSG00000226562.5,lncRNA,CYP4F26P
chr2,+,ENSG00000074047.22,protein_coding,GLI2
chr6,-,ENSG00000289372.2,lncRNA,ENSG00000289372
chr8,+,ENSG00000253372.5,lncRNA,ENSG00000253372
chr1,+,ENSG00000252162.1,snRNA,RNU6-830P
chr3,+,ENSG00000228804.5,lncRNA,ENSG00000228804
chr2,-,ENSG00000288986.1,lncRNA,ENSG00000288986
chr1,+,ENSG00000224870.9,lncRNA,MRPL20-AS1
chr7,-,ENSG00000127990.19,protein_coding,SGCE
chr4,-,ENSG00000157869.16,protein_coding,RAB28
chr5,+,ENSG00000152705.8,protein_coding,CATSPER3
chr7,-,ENSG00000288976.1,lncRNA,ENSG00000288976
chr9,-,ENSG00000136866.14,protein_coding,ZFP37
chr2,-,ENSG00000054219.11,protein_coding,LY75
chr1,-,ENSG00000203709.14,lncRNA,MIR29B2CHG
chr10,+,ENSG00000227492.2,lncRNA,CHUK-DT
chr5,-,ENSG00000146067.17,protein_coding,FAM193B
chr1,-,ENSG00000237330.3,protein_coding,RNF223
chr6,-,ENSG00000286691.1,lncRNA,ENSG00000286691
chr10,+,ENSG00000237761.3,lncRNA,ENSG00000237761
chr10,+,ENSG00000290843.1,lncRNA,ENSG00000290843
chr2,+,ENSG00000144476.6,protein_coding,ACKR3
chr7,+,ENSG00000281332.1,lncRNA,LINC00997
chr1,+,ENSG00000284738.2,lncRNA,ENSG00000284738
chr3,-,ENSG00000114686.9,protein_coding,MRPL3
chr7,-,ENSG00000135253.16,protein_coding,KCP
chr10,+,ENSG00000287732.1,lncRNA,ENSG00000287732
chr2,-,ENSG00000115524.17,protein_coding,SF3B1
chr5,+,ENSG00000250921.2,lncRNA,LINC02063
chr6,-,ENSG00000226803.9,lncRNA,ZNF451-AS1
chr1,-,ENSG00000252417.1,snRNA,RNU7-179P
chr10,+,ENSG00000188385.13,protein_coding,JAKMIP3
chr8,-,ENSG00000278374.1,snRNA,U4
chr8,-,ENSG00000253892.1,lncRNA,ENSG00000253892
chr5,-,ENSG00000278925.1,lncRNA,ENSG00000278925
chr6,-,ENSG00000145990.11,protein_coding,GFOD1
chr1,-,ENSG00000199377.1,snRNA,RNU5F-1
chr6,-,ENSG00000196591.12,protein_coding,HDAC2
chr3,-,ENSG00000121440.15,protein_coding,PDZRN3
chr1,-,ENSG00000232586.1,lncRNA,KIAA1614-AS1
chr9,+,ENSG00000237359.2,lncRNA,ENSG00000237359
chr1,-,ENSG00000207941.1,miRNA,MIR552
chr8,+,ENSG00000288611.1,protein_coding,NPBWR1
chr3,+,ENSG00000288717.1,lncRNA,ENSG00000288717
chr2,+,ENSG00000119801.13,protein_coding,YPEL5
chr1,+,ENSG00000284928.1,lncRNA,ENSG00000284928
chr1,-,ENSG00000221888.4,protein_coding,OR1C1
chr5,+,ENSG00000048140.18,protein_coding,TSPAN17
chr1,-,ENSG00000126107.15,protein_coding,HECTD3
chr9,+,ENSG00000233569.2,lncRNA,ENSG00000233569
chr10,-,ENSG00000236744.2,lncRNA,ENSG00000236744
chr4,+,ENSG00000196810.6,lncRNA,CTBP1-DT
chr2,-,ENSG00000237877.8,lncRNA,LINC01473
chr6,+,ENSG00000207632.1,miRNA,MIR588
chr1,-,ENSG00000252011.1,snoRNA,ENSG00000252011
chr7,+,ENSG00000254959.6,protein_coding,INMT-MINDY4
chr1,+,ENSG00000163207.7,protein_coding,IVL
chr9,-,ENSG00000233086.8,lncRNA,LNCARSR
chr7,+,ENSG00000136247.15,protein_coding,ZDHHC4
chr1,-,ENSG00000186517.14,protein_coding,ARHGAP30
chr7,-,ENSG00000208025.1,miRNA,MIR591
chr3,-,ENSG00000252410.1,snRNA,RNU5B-3P
chr4,+,ENSG00000109743.11,protein_coding,BST1
chr5,-,ENSG00000261036.2,lncRNA,ENSG00000261036
chr2,+,ENSG00000224231.2,lncRNA,LINC01832
chr10,-,ENSG00000235637.1,lncRNA,ENSG00000235637
chr5,+,ENSG00000064651.14,protein_coding,SLC12A2
chr10,-,ENSG00000198728.11,protein_coding,LDB1
chr10,+,ENSG00000225292.2,lncRNA,LINC02935
chr8,-,ENSG00000205882.9,protein_coding,DEFB134
chr6,-,ENSG00000269387.1,lncRNA,ENSG00000269387
chr7,+,ENSG00000227863.3,lncRNA,ENSG00000227863
chr10,+,ENSG00000166033.13,protein_coding,HTRA1
chr5,+,ENSG00000113312.12,protein_coding,TTC1
chr5,+,ENSG00000251887.2,snRNA,RNU6-760P
chr8,-,ENSG00000263763.1,miRNA,MIR3686
chr4,+,ENSG00000118785.15,protein_coding,SPP1
chr1,+,ENSG00000285954.1,lncRNA,ENSG00000285954
chr2,-,ENSG00000225649.7,lncRNA,ENSG00000225649
chr3,-,ENSG00000138231.14,protein_coding,DBR1
chr7,-,ENSG00000231255.1,lncRNA,ENSG00000231255
chr1,-,ENSG00000054267.22,protein_coding,ARID4B
chr3,+,ENSG00000236452.1,lncRNA,ENSG00000236452
chr6,+,ENSG00000288813.1,lncRNA,ENSG00000288813
chr7,+,ENSG00000272941.1,lncRNA,ENSG00000272941
chr8,+,ENSG00000227888.4,lncRNA,FAM66A
chr3,+,ENSG00000114054.14,protein_coding,PCCB
chr2,+,ENSG00000163466.16,protein_coding,ARPC2
chr1,-,ENSG00000008128.23,protein_coding,CDK11A
chr1,-,ENSG00000228309.7,lncRNA,LINC01350
chr4,+,ENSG00000251010.1,lncRNA,ENSG00000251010
chr8,+,ENSG00000287201.1,lncRNA,ENSG00000287201
chr8,-,ENSG00000182759.4,protein_coding,MAFA
chr2,-,ENSG00000068784.13,protein_coding,SRBD1
chr9,+,ENSG00000275450.1,lncRNA,PTGER4P2-CDK2AP2P2
chr1,-,ENSG00000263987.1,miRNA,MIR5698
chr5,+,ENSG00000246422.2,lncRNA,DIAPH1-AS1
chr4,-,ENSG00000250326.2,lncRNA,USP38-DT
chr2,+,ENSG00000273155.1,protein_coding,ENSG00000273155
chr8,-,ENSG00000226430.7,protein_coding,USP17L7
chr4,+,ENSG00000250092.2,lncRNA,ENSG00000250092
chr9,+,ENSG00000136783.10,protein_coding,NIPSNAP3A
chr5,+,ENSG00000133710.17,protein_coding,SPINK5
chr8,-,ENSG00000285765.1,protein_coding,FAM90A23
chr7,-,ENSG00000233123.2,lncRNA,LINC01007
chr1,-,ENSG00000158315.11,protein_coding,RHBDL2
chr3,-,ENSG00000249833.7,lncRNA,CFAP100-DT
chr1,-,ENSG00000177807.10,protein_coding,KCNJ10
chr7,+,ENSG00000207771.1,miRNA,MIR550A1
chr6,+,ENSG00000234263.2,lncRNA,MAP3K5-AS1
chr8,+,ENSG00000283710.1,miRNA,MIR1204
chr8,-,ENSG00000271698.1,protein_coding,ENSG00000271698
chr3,-,ENSG00000163933.10,protein_coding,RFT1
chr6,-,ENSG00000271551.2,lncRNA,ENSG00000271551
chr2,+,ENSG00000279317.4,lncRNA,ENSG00000279317
chr7,-,ENSG00000006606.9,protein_coding,CCL26
chr2,+,ENSG00000287854.1,lncRNA,ENSG00000287854
chr3,+,ENSG00000199520.1,snRNA,RNU6-386P
chr7,+,ENSG00000226122.1,lncRNA,DDC-AS1
chr3,-,ENSG00000200703.1,snRNA,RNU6-873P
chr6,+,ENSG00000112658.8,protein_coding,SRF
chr1,+,ENSG00000132676.16,protein_coding,DAP3
chr1,+,ENSG00000162623.16,protein_coding,TYW3
chr8,+,ENSG00000156486.8,protein_coding,KCNS2
chr1,+,ENSG00000252448.1,snoRNA,SNORA63
chr3,+,ENSG00000287366.1,lncRNA,ENSG00000287366
chr1,+,ENSG00000199849.1,snRNA,RNU5F-6P
chr3,+,ENSG00000288111.2,lncRNA,ENSG00000288111
chr2,+,ENSG00000162976.13,protein_coding,SLC66A3
chr3,+,ENSG00000163701.19,protein_coding,IL17RE
chr6,+,ENSG00000289198.1,lncRNA,ENSG00000289198
chr8,+,ENSG00000253932.1,lncRNA,ENSG00000253932
chr1,-,ENSG00000233078.1,lncRNA,ENSG00000233078
chr10,-,ENSG00000148498.17,protein_coding,PARD3
chr8,-,ENSG00000253539.1,lncRNA,ENSG00000253539
chr1,+,ENSG00000289692.1,protein_coding,ENSG00000289692
chr2,+,ENSG00000227708.1,lncRNA,LINC01850
chr7,+,ENSG00000004766.17,protein_coding,VPS50
chr9,-,ENSG00000204136.12,protein_coding,GGTA1
chr8,+,ENSG00000253455.1,lncRNA,LINC03054
chr6,+,ENSG00000146278.11,protein_coding,PNRC1
chr4,-,ENSG00000164162.14,protein_coding,ANAPC10
chr2,-,ENSG00000272979.1,lncRNA,ENSG00000272979
chr2,-,ENSG00000290795.1,lncRNA,C2orf83
chr4,+,ENSG00000129128.13,protein_coding,SPCS3
chr5,+,ENSG00000251423.3,lncRNA,ENSG00000251423
chr6,+,ENSG00000277797.1,lncRNA,ENSG00000277797
chr2,-,ENSG00000207295.1,snRNA,RNU6-851P
chr1,+,ENSG00000197520.11,protein_coding,FAM177B
chr7,+,ENSG00000179144.5,protein_coding,GIMAP7
chr8,-,ENSG00000066827.16,protein_coding,ZFAT
chr3,-,ENSG00000286570.1,lncRNA,ENSG00000286570
chr4,+,ENSG00000109475.17,protein_coding,RPL34
chr1,+,ENSG00000143178.13,protein_coding,TBX19
chr10,+,ENSG00000023839.12,protein_coding,ABCC2
chr5,+,ENSG00000145833.16,protein_coding,DDX46
chr6,+,ENSG00000235399.1,lncRNA,ENSG00000235399
chr3,+,ENSG00000269982.1,lncRNA,ENSG00000269982
chr2,-,ENSG00000271947.1,lncRNA,ENSG00000271947
chr8,-,ENSG00000223443.3,protein_coding,USP17L2
chr2,+,ENSG00000230876.8,lncRNA,LINC00486
chr7,+,ENSG00000289600.1,lncRNA,ENSG00000289600
chr1,-,ENSG00000188015.10,protein_coding,S100A3
chr2,-,ENSG00000285872.3,lncRNA,ENSG00000285872
chr2,+,ENSG00000228643.1,lncRNA,ENSG00000228643
chr7,-,ENSG00000289578.1,lncRNA,ENSG00000289578
chr1,+,ENSG00000265521.1,miRNA,MIR5697
chr5,+,ENSG00000251391.5,lncRNA,ENSG00000251391
chr5,-,ENSG00000248473.2,lncRNA,LINC01962
chr7,-,ENSG00000232661.1,lncRNA,CFTR-AS1
chr9,+,ENSG00000226904.1,lncRNA,ENSG00000226904
chr2,+,ENSG00000260804.3,lncRNA,LINC01963
chr2,+,ENSG00000252214.1,snRNA,RNU6-542P
chr6,-,ENSG00000289117.2,lncRNA,ENSG00000289117
chr1,+,ENSG00000237480.3,lncRNA,ENSG00000237480
chr2,-,ENSG00000272861.1,lncRNA,ENSG00000272861
chr1,-,ENSG00000284372.1,miRNA,MIR6808
chr1,+,ENSG00000158716.9,protein_coding,DUSP23
chr7,+,ENSG00000239911.4,lncRNA,PRKAG2-AS1
chr1,-,ENSG00000287624.1,lncRNA,ENSG00000287624
chr9,-,ENSG00000285169.2,lncRNA,ENSG00000285169
chr4,-,ENSG00000181826.10,protein_coding,RELL1
chr7,-,ENSG00000282301.4,protein_coding,CYP3A7-CYP3A51P
chr9,+,ENSG00000148204.12,protein_coding,CRB2
chr3,+,ENSG00000174891.14,protein_coding,RSRC1
chr2,-,ENSG00000232597.6,lncRNA,ENSG00000232597
chr2,-,ENSG00000202216.2,snoRNA,ENSG00000202216
chr1,+,ENSG00000291232.1,lncRNA,ENSG00000291232
chr1,-,ENSG00000233336.1,lncRNA,ENSG00000233336
chr8,-,ENSG00000254258.1,lncRNA,ENSG00000254258
chr2,-,ENSG00000197585.10,lncRNA,ENSG00000197585
chr3,-,ENSG00000163378.14,protein_coding,EOGT
chr5,+,ENSG00000249526.1,lncRNA,ENSG00000249526
chr6,-,ENSG00000203907.10,protein_coding,OOEP
chr1,+,ENSG00000283999.1,lncRNA,ENSG00000283999
chr1,-,ENSG00000253005.1,snRNA,RNU6-176P
chr4,-,ENSG00000145386.11,protein_coding,CCNA2
chr1,+,ENSG00000282317.1,lncRNA,ENSG00000282317
chr2,+,ENSG00000124356.17,protein_coding,STAMBP
chr7,+,ENSG00000223614.6,protein_coding,ZNF735
chr3,+,ENSG00000160801.14,protein_coding,PTH1R
chr6,-,ENSG00000232299.1,lncRNA,ENSG00000232299
chr1,+,ENSG00000285462.1,lncRNA,LINC02792
chr5,+,ENSG00000183111.12,protein_coding,ARHGEF37
chr1,-,ENSG00000237301.1,lncRNA,ENSG00000237301
chr9,-,ENSG00000106853.20,protein_coding,PTGR1
chr3,-,ENSG00000235288.3,lncRNA,ENSG00000235288
chr8,+,ENSG00000272375.1,lncRNA,ENSG00000272375
chr7,-,ENSG00000285480.2,protein_coding,H2BK1
chr2,+,ENSG00000128652.12,protein_coding,HOXD3
chr2,+,ENSG00000170166.6,protein_coding,HOXD4
chr1,+,ENSG00000203288.6,lncRNA,TDRKH-AS1
chr3,-,ENSG00000164087.8,protein_coding,POC1A
chr2,+,ENSG00000235529.2,lncRNA,AGAP1-IT1
chr3,+,ENSG00000225790.3,lncRNA,ENSG00000225790
chr3,+,ENSG00000201410.1,snoRNA,ENSG00000201410
chr4,+,ENSG00000250180.1,lncRNA,ENSG00000250180
chr1,+,ENSG00000225903.1,lncRNA,ENSG00000225903
chr10,+,ENSG00000290780.1,lncRNA,ENSG00000290780
chr1,+,ENSG00000244414.8,protein_coding,CFHR1
chr3,+,ENSG00000213689.14,protein_coding,TREX1
chr6,-,ENSG00000137168.8,protein_coding,PPIL1
chr3,-,ENSG00000240895.1,lncRNA,ENSG00000240895
chr1,+,ENSG00000284642.1,lncRNA,ENSG00000284642
chr7,-,ENSG00000282572.4,lncRNA,FAM157D
chr6,-,ENSG00000231150.5,lncRNA,DNAH8-AS1
chr1,-,ENSG00000287217.1,lncRNA,ENSG00000287217
chr2,-,ENSG00000144040.13,protein_coding,SFXN5
chr5,+,ENSG00000113356.13,protein_coding,POLR3G
chr2,-,ENSG00000289410.2,lncRNA,ENSG00000289410
chr4,+,ENSG00000249413.2,lncRNA,ENSG00000249413
chr10,+,ENSG00000165879.9,protein_coding,FRAT1
chr9,+,ENSG00000167130.18,protein_coding,DOLPP1
chr4,+,ENSG00000202358.1,snRNA,RNU6-652P
chr1,+,ENSG00000291014.1,lncRNA,CLCA3P
chr2,-,ENSG00000206963.1,snRNA,RNU6-675P
chr3,+,ENSG00000241202.1,lncRNA,ZIC4-AS1
chr5,+,ENSG00000068796.19,protein_coding,KIF2A
chr10,-,ENSG00000233665.8,lncRNA,ENSG00000233665
chr1,-,ENSG00000172260.15,protein_coding,NEGR1
chr8,-,ENSG00000234616.9,protein_coding,JRK
chr3,-,ENSG00000179407.4,protein_coding,DNAJB8
chr10,+,ENSG00000290535.1,lncRNA,ENSG00000290535
chr3,-,ENSG00000221883.4,lncRNA,ARIH2OS
chr7,-,ENSG00000106384.12,protein_coding,MOGAT3
chr2,-,ENSG00000230286.1,lncRNA,ENSG00000230286
chr1,+,ENSG00000286448.1,lncRNA,ENSG00000286448
chr3,+,ENSG00000287348.1,lncRNA,ENSG00000287348
chr1,-,ENSG00000180875.5,protein_coding,GREM2
chr6,-,ENSG00000222659.1,snRNA,RNU2-8P
chr3,-,ENSG00000206552.4,lncRNA,KRBOX1-AS1
chr10,+,ENSG00000067057.19,protein_coding,PFKP
chr6,-,ENSG00000232031.1,lncRNA,ENSG00000232031
chr8,+,ENSG00000179886.6,protein_coding,TIGD5
chr1,+,ENSG00000289380.1,lncRNA,ENSG00000289380
chr4,-,ENSG00000249091.1,lncRNA,ENSG00000249091
chr5,+,ENSG00000164309.15,protein_coding,CMYA5
chr6,-,ENSG00000198704.10,protein_coding,GPX6
chr10,+,ENSG00000108219.16,protein_coding,TSPAN14
chr6,-,ENSG00000124571.18,protein_coding,XPO5
chr7,+,ENSG00000157240.4,protein_coding,FZD1
chr8,-,ENSG00000289502.1,lncRNA,ENSG00000289502
chr10,+,ENSG00000273108.1,lncRNA,ENSG00000273108
chr3,+,ENSG00000181449.4,protein_coding,SOX2
chr4,+,ENSG00000249811.3,protein_coding,USP17L21
chr10,+,ENSG00000237949.3,lncRNA,LINC00844
chr7,+,ENSG00000224746.2,lncRNA,ENSG00000224746
chr3,+,ENSG00000290936.1,lncRNA,ENSG00000290936
chr2,-,ENSG00000228481.1,lncRNA,PRKCE-AS1
chr1,+,ENSG00000288804.1,lncRNA,ENSG00000288804
chr1,+,ENSG00000198400.14,protein_coding,NTRK1
chr8,+,ENSG00000253177.2,lncRNA,ENSG00000253177
chr7,+,ENSG00000236340.6,lncRNA,GRM8-AS1
chr9,-,ENSG00000265872.1,miRNA,MIR3689A
chr5,-,ENSG00000048162.22,protein_coding,NOP16
chr6,-,ENSG00000164488.12,protein_coding,DACT2
chr3,+,ENSG00000163519.14,protein_coding,TRAT1
chr3,-,ENSG00000265333.1,miRNA,MIR3137
chr4,+,ENSG00000222582.1,snRNA,RNU2-66P
chr6,+,ENSG00000255587.9,protein_coding,RAB44
chr3,+,ENSG00000241882.1,lncRNA,ENSG00000241882
chr1,-,ENSG00000162542.14,protein_coding,TMCO4
chr6,+,ENSG00000199246.1,snRNA,RNU6-896P
chr10,+,ENSG00000224500.1,lncRNA,ENSG00000224500
chr5,-,ENSG00000271788.1,lncRNA,ENSG00000271788
chr5,-,ENSG00000290968.1,lncRNA,ENSG00000290968
chr1,-,ENSG00000174529.7,protein_coding,TMEM81
chr2,-,ENSG00000228033.6,lncRNA,ENSG00000228033
chr7,-,ENSG00000213265.9,protein_coding,TSGA13
chr7,+,ENSG00000224223.1,lncRNA,VSTM2A-OT1
chr3,-,ENSG00000067560.14,protein_coding,RHOA
chr7,-,ENSG00000234977.1,lncRNA,ENSG00000234977
chr3,+,ENSG00000088538.13,protein_coding,DOCK3
chr3,+,ENSG00000131389.18,protein_coding,SLC6A6
chr2,+,ENSG00000199603.1,snRNA,RNU6-951P
chr3,+,ENSG00000243410.1,lncRNA,PSMD6-AS1
chr6,+,ENSG00000118412.13,protein_coding,CASP8AP2
chr8,+,ENSG00000154589.7,protein_coding,LY96
chr5,-,ENSG00000281938.2,protein_coding,ENSG00000281938
chr4,-,ENSG00000152583.13,protein_coding,SPARCL1
chr9,+,ENSG00000238058.2,lncRNA,CAMSAP1-DT
chr5,-,ENSG00000113108.20,protein_coding,APBB3
chr3,-,ENSG00000168291.13,protein_coding,PDHB
chr10,-,ENSG00000241058.4,protein_coding,NSUN6
chr5,+,ENSG00000249276.1,lncRNA,ENSG00000249276
chr10,-,ENSG00000272630.1,lncRNA,ENSG00000272630
chr10,+,ENSG00000249456.1,lncRNA,ENSG00000249456
chr1,+,ENSG00000235200.5,lncRNA,LINC01702
chr3,-,ENSG00000213533.13,protein_coding,STIMATE
chr2,+,ENSG00000206732.1,snRNA,RNU6-936P
chr2,-,ENSG00000211520.2,miRNA,MIR216B
chr7,-,ENSG00000202296.1,snRNA,RNU6-1335P
chr1,-,ENSG00000091483.8,protein_coding,FH
chr3,-,ENSG00000252914.1,snRNA,RNU6-789P
chr3,-,ENSG00000239205.1,lncRNA,LINC02023
chr4,+,ENSG00000251408.1,lncRNA,ENSG00000251408
chr3,-,ENSG00000221264.1,miRNA,MIR1284
chr1,+,ENSG00000162426.16,protein_coding,SLC45A1
chr1,+,ENSG00000207962.1,miRNA,MIR30C1
chr3,-,ENSG00000223715.3,lncRNA,LINC01208
chr2,-,ENSG00000236231.1,lncRNA,ENSG00000236231
chr1,-,ENSG00000202300.1,snRNA,RNU6-487P
chr2,-,ENSG00000138075.14,protein_coding,ABCG5
chr6,-,ENSG00000286785.1,lncRNA,LINC01622
chr8,-,ENSG00000147804.10,protein_coding,SLC39A4
chr10,-,ENSG00000290921.1,lncRNA,ENSG00000290921
chr6,-,ENSG00000056972.21,protein_coding,TRAF3IP2
chr7,+,ENSG00000106546.14,protein_coding,AHR
chr10,+,ENSG00000272516.1,lncRNA,ENSG00000272516
chr5,-,ENSG00000237705.1,lncRNA,ENSG00000237705
chr1,+,ENSG00000271732.1,lncRNA,ENSG00000271732
chr2,-,ENSG00000224814.1,lncRNA,ENSG00000224814
chr2,-,ENSG00000207280.1,snoRNA,SNORD20
chr7,-,ENSG00000196584.4,protein_coding,XRCC2
chr2,-,ENSG00000288858.2,lncRNA,ENSG00000288858
chr2,-,ENSG00000232642.2,lncRNA,ENSG00000232642
chr5,+,ENSG00000250782.1,protein_coding,TAF11L14
chr3,+,ENSG00000188729.7,protein_coding,OSTN
chr4,+,ENSG00000251152.1,lncRNA,ENSG00000251152
chr8,+,ENSG00000136997.22,protein_coding,MYC
chr3,+,ENSG00000240891.8,protein_coding,PLCXD2
chr6,-,ENSG00000112195.9,protein_coding,TREML2
chr8,+,ENSG00000104679.12,protein_coding,R3HCC1
chr5,+,ENSG00000250072.8,lncRNA,SH3TC2-DT
chr4,+,ENSG00000151718.16,protein_coding,WWC2
chr1,+,ENSG00000289457.2,lncRNA,ENSG00000289457
chr9,-,ENSG00000137074.20,protein_coding,APTX
chr8,-,ENSG00000253161.7,lncRNA,LINC01605
chr1,-,ENSG00000143322.22,protein_coding,ABL2
chr3,-,ENSG00000181061.14,protein_coding,HIGD1A
chr1,+,ENSG00000241180.1,lncRNA,ENSG00000241180
chr5,-,ENSG00000206698.1,snRNA,RNU1-73P
chr6,-,ENSG00000227885.4,lncRNA,ENSG00000227885
chr10,+,ENSG00000233395.2,lncRNA,LINC00841
chr6,+,ENSG00000276643.1,snoRNA,ENSG00000276643
chr6,+,ENSG00000212468.1,snRNA,RNU6-754P
chr8,-,ENSG00000147650.12,protein_coding,LRP12
chr10,-,ENSG00000231829.4,lncRNA,ENSG00000231829
chr10,+,ENSG00000183346.9,protein_coding,CABCOCO1
chr2,-,ENSG00000237844.2,lncRNA,ENSG00000237844
chr6,-,ENSG00000238789.1,snRNA,RNU7-152P
chr7,-,ENSG00000160993.4,protein_coding,ALKBH4
chr8,+,ENSG00000221387.1,snRNA,RNU6ATAC8P
chr2,+,ENSG00000286415.1,lncRNA,ENSG00000286415
chr8,-,ENSG00000251127.2,lncRNA,ENSG00000251127
chr2,-,ENSG00000234169.1,lncRNA,LINC01868
chr5,-,ENSG00000279028.1,lncRNA,ENSG00000279028
chr8,+,ENSG00000285655.1,protein_coding,ENSG00000285655
chr10,+,ENSG00000198610.11,protein_coding,AKR1C4
chr5,-,ENSG00000254297.1,lncRNA,ENSG00000254297
chr6,-,ENSG00000270761.2,lncRNA,CD2AP-DT
chr3,-,ENSG00000223727.6,lncRNA,ENSG00000223727
chr5,-,ENSG00000251132.1,lncRNA,ENSG00000251132
chr3,+,ENSG00000287805.1,lncRNA,ENSG00000287805
chr6,-,ENSG00000284469.1,miRNA,MIR6721
chr7,+,ENSG00000271932.1,snRNA,RNU6-85P
chr9,-,ENSG00000228392.3,lncRNA,ENSG00000228392
chr10,-,ENSG00000256574.8,protein_coding,OR13A1
chr10,+,ENSG00000224851.2,lncRNA,LINC00502
chr6,-,ENSG00000146263.12,protein_coding,MMS22L
chr1,-,ENSG00000143603.19,protein_coding,KCNN3
chr5,-,ENSG00000125347.15,protein_coding,IRF1
chr10,-,ENSG00000207347.1,snRNA,RNU6-306P
chr3,+,ENSG00000144642.22,protein_coding,RBMS3
chr3,-,ENSG00000221251.1,miRNA,MIR1263
chr5,-,ENSG00000164621.5,lncRNA,SMAD5-AS1
chr2,-,ENSG00000115935.19,protein_coding,WIPF1
chr8,-,ENSG00000260093.1,lncRNA,MSRA-DT
chr6,+,ENSG00000219607.4,protein_coding,PPP1R3G
chr1,+,ENSG00000026751.17,protein_coding,SLAMF7
chr6,-,ENSG00000124596.17,protein_coding,OARD1
chr10,-,ENSG00000271981.1,lncRNA,ENSG00000271981
chr9,+,ENSG00000232283.1,lncRNA,HSD17B3-AS1
chr8,-,ENSG00000254033.1,lncRNA,ENSG00000254033
chr9,+,ENSG00000232896.1,lncRNA,ENSG00000232896
chr1,+,ENSG00000222457.1,snRNA,RNU6-121P
chr5,-,ENSG00000283897.2,lncRNA,ENSG00000283897
chr9,+,ENSG00000170835.17,protein_coding,CEL
chr7,-,ENSG00000291121.1,lncRNA,ENSG00000291121
chr1,+,ENSG00000117620.15,protein_coding,SLC35A3
chr1,-,ENSG00000152104.12,protein_coding,PTPN14
chr1,+,ENSG00000287831.1,lncRNA,ENSG00000287831
chr8,-,ENSG00000272518.1,lncRNA,ENSG00000272518
chr3,+,ENSG00000163938.17,protein_coding,GNL3
chr2,-,ENSG00000237479.1,lncRNA,ENSG00000237479
chr3,+,ENSG00000170819.5,protein_coding,BFSP2
chr1,+,ENSG00000198452.8,protein_coding,OR14L1P
chr8,-,ENSG00000034677.13,protein_coding,RNF19A
chr6,-,ENSG00000204542.3,protein_coding,C6orf15
chr1,+,ENSG00000223720.2,lncRNA,ENSG00000223720
chr1,-,ENSG00000086619.15,protein_coding,ERO1B
chr2,-,ENSG00000168754.15,protein_coding,FAM178B
chr8,-,ENSG00000176269.4,protein_coding,OR4F21
chr10,-,ENSG00000138346.16,protein_coding,DNA2
chr5,+,ENSG00000253428.1,lncRNA,LINC01942
chr5,+,ENSG00000250069.1,lncRNA,ENSG00000250069
chr4,-,ENSG00000178950.18,protein_coding,GAK
chr5,+,ENSG00000291220.1,lncRNA,ENSG00000291220
chr1,-,ENSG00000163866.9,protein_coding,SMIM12
chr1,-,ENSG00000197591.3,protein_coding,OR11L1
chr6,-,ENSG00000146232.17,protein_coding,NFKBIE
chr1,+,ENSG00000186409.19,protein_coding,CCDC30
chr7,+,ENSG00000272568.6,lncRNA,CPVL-AS2
chr2,+,ENSG00000249715.13,protein_coding,FER1L5
chr6,+,ENSG00000164465.19,protein_coding,DCBLD1
chr2,+,ENSG00000272807.1,lncRNA,ENSG00000272807
chr8,+,ENSG00000239115.1,snRNA,RNU7-67P
chr8,-,ENSG00000253322.1,lncRNA,ENSG00000253322
chr7,-,ENSG00000278685.4,protein_coding,IQCA1L
chr2,-,ENSG00000163596.17,protein_coding,ICA1L
chr1,-,ENSG00000273093.1,lncRNA,ENSG00000273093
chr6,+,ENSG00000274750.3,protein_coding,H3C6
chr10,+,ENSG00000286795.1,lncRNA,ENSG00000286795
chr8,-,ENSG00000205884.2,protein_coding,DEFB136
chr1,+,ENSG00000273059.1,lncRNA,ENSG00000273059
chr4,-,ENSG00000287210.1,lncRNA,ENSG00000287210
chr7,-,ENSG00000290007.1,lncRNA,ENSG00000290007
chr1,-,ENSG00000287808.1,lncRNA,DHX9-AS1
chr3,+,ENSG00000091513.16,protein_coding,TF
chr7,+,ENSG00000199846.1,snRNA,RNU1-72P
chr1,+,ENSG00000233396.9,lncRNA,LINC01719
chr2,+,ENSG00000286971.1,lncRNA,ENSG00000286971
chr3,-,ENSG00000196542.9,protein_coding,SPTSSB
chr6,+,ENSG00000233365.2,lncRNA,ENSG00000233365
chr7,+,ENSG00000091704.10,protein_coding,CPA1
chr7,-,ENSG00000176510.5,protein_coding,OR10AC1
chr2,-,ENSG00000231948.2,lncRNA,HS1BP3-IT1
chr10,+,ENSG00000189129.14,protein_coding,PLAC9
chr1,-,ENSG00000227091.2,lncRNA,SLC6A17-AS1
chr3,-,ENSG00000152952.14,protein_coding,PLOD2
chr4,+,ENSG00000109756.10,protein_coding,RAPGEF2
chr3,-,ENSG00000239991.1,lncRNA,ENSG00000239991
chr5,+,ENSG00000201474.1,snRNA,RNU6-164P
chr1,+,ENSG00000211543.2,miRNA,MIR320B1
chr4,+,ENSG00000170502.13,protein_coding,NUDT9
chr2,-,ENSG00000231024.1,lncRNA,ENSG00000231024
chr9,+,ENSG00000227933.1,lncRNA,ENSG00000227933
chr4,-,ENSG00000288073.1,lncRNA,ENSG00000288073
chr5,-,ENSG00000290548.1,lncRNA,ENSG00000290548
chr2,-,ENSG00000228857.3,lncRNA,ACTR3-AS1
chr5,+,ENSG00000248464.1,lncRNA,FGF10-AS1
chr6,+,ENSG00000137338.6,protein_coding,PGBD1
chr6,+,ENSG00000290147.1,protein_coding,ENSG00000290147
chr8,+,ENSG00000253577.2,lncRNA,ENSG00000253577
chr4,+,ENSG00000212620.1,snoRNA,SNORA75
chr1,+,ENSG00000116138.13,protein_coding,DNAJC16
chr1,-,ENSG00000157216.17,protein_coding,SSBP3
chr1,+,ENSG00000117399.14,protein_coding,CDC20
chr6,+,ENSG00000287683.1,lncRNA,ENSG00000287683
chr1,+,ENSG00000287978.1,lncRNA,ENSG00000287978
chr10,+,ENSG00000234296.1,lncRNA,ENSG00000234296
chr1,+,ENSG00000173110.8,protein_coding,HSPA6
chr9,+,ENSG00000228352.2,lncRNA,ENSG00000228352
chr3,+,ENSG00000241667.1,lncRNA,ENSG00000241667
chr10,-,ENSG00000289592.2,lncRNA,ENSG00000289592
chr9,+,ENSG00000148158.17,protein_coding,SNX30
chr2,+,ENSG00000115159.17,protein_coding,GPD2
chr1,-,ENSG00000226944.1,lncRNA,RNF207-AS1
chr10,+,ENSG00000237002.6,lncRNA,ENSG00000237002
chr2,-,ENSG00000226813.3,lncRNA,LINC01941
chr2,+,ENSG00000115317.13,protein_coding,HTRA2
chr2,+,ENSG00000228486.11,protein_coding,C2orf92
chr1,-,ENSG00000201491.1,snRNA,RNU4-75P
chr10,+,ENSG00000212520.1,snRNA,RNU6-1250P
chr9,+,ENSG00000232211.1,lncRNA,ENSG00000232211
chr7,+,ENSG00000252480.1,snRNA,RNU6-719P
chr1,-,ENSG00000117298.16,protein_coding,ECE1
chr1,+,ENSG00000232811.1,lncRNA,ENSG00000232811
chr2,+,ENSG00000228618.1,lncRNA,ENSG00000228618
chr2,-,ENSG00000237892.1,lncRNA,KLF7-IT1
chr2,+,ENSG00000221843.6,protein_coding,C2orf16
chr6,+,ENSG00000146109.5,protein_coding,ABT1
chr8,+,ENSG00000134028.14,protein_coding,ADAMDEC1
chr1,+,ENSG00000269489.1,lncRNA,ENSG00000269489
chr1,+,ENSG00000268043.9,protein_coding,NBPF12
chr2,+,ENSG00000289422.2,lncRNA,ENSG00000289422
chr10,-,ENSG00000222047.9,lncRNA,C10orf55
chr7,-,ENSG00000232667.12,lncRNA,ENSG00000232667
chr6,+,ENSG00000244349.1,lncRNA,ENSG00000244349
chr4,-,ENSG00000201744.1,snRNA,RNU6-34P
chr3,-,ENSG00000273455.1,lncRNA,ENSG00000273455
chr4,-,ENSG00000163633.12,protein_coding,C4orf36
chr1,-,ENSG00000284666.1,lncRNA,ENSG00000284666
chr5,-,ENSG00000251093.1,lncRNA,ENSG00000251093
chr6,+,ENSG00000196230.14,protein_coding,TUBB
chr6,-,ENSG00000236336.1,lncRNA,CDYL-AS1
chr2,-,ENSG00000250741.6,protein_coding,NT5C1B-RDH14
chr1,+,ENSG00000225279.2,lncRNA,ENSG00000225279
chr4,-,ENSG00000164323.15,protein_coding,CFAP97
chr4,+,ENSG00000288940.1,lncRNA,ENSG00000288940
chr9,+,ENSG00000178031.18,protein_coding,ADAMTSL1
chr8,+,ENSG00000253762.2,lncRNA,ENSG00000253762
chr3,+,ENSG00000252348.1,snRNA,RNU6-1256P
chr10,-,ENSG00000151033.10,protein_coding,LYZL2
chr1,-,ENSG00000196878.15,protein_coding,LAMB3
chr4,-,ENSG00000272727.2,lncRNA,LINC02266
chr2,+,ENSG00000264994.1,snoRNA,SNORD92
chr3,-,ENSG00000285908.1,lncRNA,ENSG00000285908
chr10,-,ENSG00000199104.2,miRNA,MIR346
chr3,-,ENSG00000236202.1,lncRNA,GRM7-AS1
chr10,-,ENSG00000107864.15,protein_coding,CPEB3
chr5,-,ENSG00000253852.1,lncRNA,ENSG00000253852
chr6,-,ENSG00000198719.9,protein_coding,DLL1
chr10,-,ENSG00000284442.1,miRNA,MIR2110
chr3,-,ENSG00000224771.2,lncRNA,ATP2B2-IT2
chr4,-,ENSG00000290407.1,lncRNA,ENSG00000290407
chr3,-,ENSG00000091317.8,protein_coding,CMTM6
chr4,-,ENSG00000249049.1,lncRNA,ENSG00000249049
chr5,+,ENSG00000164620.9,protein_coding,RELL2
chr2,+,ENSG00000237477.1,lncRNA,ENSG00000237477
chr4,+,ENSG00000181541.6,protein_coding,MAB21L2
chr5,-,ENSG00000221436.1,miRNA,MIR548F3
chr7,-,ENSG00000203446.2,lncRNA,SUGCT-AS1
chr6,-,ENSG00000168131.4,protein_coding,OR2B2
chr7,+,ENSG00000106683.15,protein_coding,LIMK1
chr6,+,ENSG00000112379.9,protein_coding,ARFGEF3
chr5,+,ENSG00000083312.19,protein_coding,TNPO1
chr2,-,ENSG00000235419.5,lncRNA,ENSG00000235419
chr1,+,ENSG00000131778.20,protein_coding,CHD1L
chr4,+,ENSG00000134962.7,protein_coding,KLB
chr3,+,ENSG00000286714.1,lncRNA,ENSG00000286714
chr8,-,ENSG00000015592.17,protein_coding,STMN4
chr2,+,ENSG00000212534.1,snoRNA,SNORD70
chr5,+,ENSG00000251144.1,lncRNA,ENSG00000251144
chr2,+,ENSG00000272564.1,lncRNA,ENSG00000272564
chr6,+,ENSG00000286760.3,lncRNA,ENSG00000286760
chr3,-,ENSG00000144744.18,protein_coding,UBA3
chr8,+,ENSG00000240015.2,lncRNA,ENSG00000240015
chr1,+,ENSG00000223653.6,lncRNA,BCL10-AS1
chr5,-,ENSG00000171368.12,protein_coding,TPPP
chr10,+,ENSG00000272767.1,lncRNA,JMJD1C-AS1
chr5,+,ENSG00000249343.3,lncRNA,LINC01333
chr5,+,ENSG00000155858.6,protein_coding,LSM11
chr5,+,ENSG00000253687.1,lncRNA,ENSG00000253687
chr6,+,ENSG00000168116.14,protein_coding,KIAA1586
chr4,+,ENSG00000278438.1,miRNA,MIR7849
chr2,-,ENSG00000230606.11,lncRNA,APPAT
chr5,+,ENSG00000251518.1,lncRNA,LINC02110
chr2,-,ENSG00000188452.15,protein_coding,CERKL
chr7,-,ENSG00000106635.8,protein_coding,BCL7B
chr6,+,ENSG00000272142.4,lncRNA,LYRM4-AS1
chr6,+,ENSG00000231654.1,lncRNA,RPS6KA2-AS1
chr9,+,ENSG00000288583.1,lncRNA,ENSG00000288583
chr1,+,ENSG00000283575.1,snRNA,U6
chr1,+,ENSG00000186844.6,protein_coding,LCE1A
chr9,+,ENSG00000119383.21,protein_coding,PTPA
chr2,-,ENSG00000206915.1,snRNA,RNU6-439P
chr1,-,ENSG00000158292.7,protein_coding,GPR153
chr4,+,ENSG00000151611.17,protein_coding,MMAA
chr1,+,ENSG00000264834.1,miRNA,ENSG00000264834
chr1,-,ENSG00000260179.1,lncRNA,ENSG00000260179
chr9,-,ENSG00000147955.18,protein_coding,SIGMAR1
chr8,+,ENSG00000104218.16,protein_coding,CSPP1
chr2,-,ENSG00000236172.7,lncRNA,MIR7515HG
chr7,+,ENSG00000235139.2,lncRNA,LINC03017
chr6,+,ENSG00000227704.3,lncRNA,ENSG00000227704
chr2,-,ENSG00000168582.5,protein_coding,CRYGA
chr1,-,ENSG00000183598.4,protein_coding,H3C13
chr7,+,ENSG00000197024.9,protein_coding,ZNF398
chr2,+,ENSG00000227574.2,lncRNA,ENSG00000227574
chr1,-,ENSG00000228382.3,lncRNA,ITPKB-IT1
chr1,-,ENSG00000287647.1,lncRNA,ENSG00000287647
chr1,+,ENSG00000273110.1,lncRNA,ENSG00000273110
chr8,-,ENSG00000164893.9,protein_coding,SLC7A13
chr1,+,ENSG00000162772.18,protein_coding,ATF3
chr6,+,ENSG00000285565.1,lncRNA,ENSG00000285565
chr5,+,ENSG00000250551.1,lncRNA,MIR583HG
chr3,-,ENSG00000164051.14,protein_coding,CCDC51
chr4,+,ENSG00000250302.3,lncRNA,LINC01618
chr3,-,ENSG00000004838.14,protein_coding,ZMYND10
chr5,+,ENSG00000286001.1,protein_coding,ENSG00000286001
chr6,+,ENSG00000096092.6,protein_coding,TMEM14A
chr3,-,ENSG00000239641.1,lncRNA,PLS1-AS1
chr4,+,ENSG00000263445.1,miRNA,MIR4450
chr8,-,ENSG00000261236.8,protein_coding,BOP1
chr8,+,ENSG00000164930.12,protein_coding,FZD6
chr7,+,ENSG00000287096.1,lncRNA,ENSG00000287096
chr2,+,ENSG00000241119.2,protein_coding,UGT1A9
chr5,+,ENSG00000276365.1,miRNA,MIR145
chr7,+,ENSG00000106086.21,protein_coding,PLEKHA8
chr9,-,ENSG00000229697.2,lncRNA,FAM242E
chr3,+,ENSG00000168314.19,protein_coding,MOBP
chr1,+,ENSG00000287472.1,lncRNA,ENSG00000287472
chr7,-,ENSG00000273489.1,lncRNA,ENSG00000273489
chr6,-,ENSG00000112167.11,protein_coding,SAYSD1
chr1,+,ENSG00000291135.1,lncRNA,FCGR1BP
chr8,+,ENSG00000272812.1,lncRNA,ENSG00000272812
chr1,+,ENSG00000234190.1,lncRNA,ENSG00000234190
chr2,-,ENSG00000289033.2,lncRNA,ENSG00000289033
chr8,-,ENSG00000287322.1,lncRNA,ENSG00000287322
chr5,-,ENSG00000285151.1,lncRNA,ENSG00000285151
chr3,-,ENSG00000282527.2,lncRNA,ENSG00000282527
chr5,+,ENSG00000253873.6,protein_coding,PCDHGA11
chr7,+,ENSG00000086288.12,protein_coding,NME8
chr10,+,ENSG00000199446.1,snRNA,RNU6-543P
chr9,-,ENSG00000148156.8,protein_coding,ACTL7B
chr4,+,ENSG00000138678.11,protein_coding,GPAT3
chr1,+,ENSG00000285374.1,lncRNA,ENSG00000285374
chr2,-,ENSG00000123636.19,protein_coding,BAZ2B
chr6,+,ENSG00000236345.3,lncRNA,SCAT8
chr8,+,ENSG00000175606.11,protein_coding,TMEM70
chr5,+,ENSG00000013561.18,protein_coding,RNF14
chr1,-,ENSG00000233975.2,lncRNA,LINC02574
chr5,-,ENSG00000248757.2,lncRNA,LINC02115
chr6,-,ENSG00000250686.2,lncRNA,KHDRBS2-OT1
chr1,+,ENSG00000225919.1,lncRNA,LINC01745
chr2,-,ENSG00000229209.1,lncRNA,ENSG00000229209
chr4,-,ENSG00000249945.2,lncRNA,ENSG00000249945
chr4,+,ENSG00000207448.1,snRNA,RNU6-520P
chr6,-,ENSG00000232131.1,lncRNA,NCOA7-AS1
chr1,+,ENSG00000183682.8,protein_coding,BMP8A
chr4,+,ENSG00000237136.8,protein_coding,C4orf51
chr1,+,ENSG00000284676.1,lncRNA,ENSG00000284676
chr4,+,ENSG00000251739.1,snRNA,RNU6-1053P
chr9,-,ENSG00000147873.6,protein_coding,IFNA5
chr5,+,ENSG00000288930.1,lncRNA,ENSG00000288930
chr1,-,ENSG00000132485.14,protein_coding,ZRANB2
chr9,+,ENSG00000260677.1,lncRNA,ENSG00000260677
chr1,+,ENSG00000143630.10,protein_coding,HCN3
chr1,-,ENSG00000118194.21,protein_coding,TNNT2
chr1,-,ENSG00000203721.8,lncRNA,LINC00862
chr7,+,ENSG00000284691.1,protein_coding,ENSG00000284691
chr2,-,ENSG00000206731.1,snoRNA,ENSG00000206731
chr6,+,ENSG00000207180.1,snRNA,RNU6-411P
chr10,-,ENSG00000269891.2,protein_coding,ARHGAP19-SLIT1
chr2,-,ENSG00000289474.2,lncRNA,ENSG00000289474
chr10,-,ENSG00000197308.9,lncRNA,GATA3-AS1
chr2,+,ENSG00000253515.2,lncRNA,ENSG00000253515
chr4,-,ENSG00000248676.1,lncRNA,ENSG00000248676
chr4,+,ENSG00000201775.1,snRNA,RNU6-1325P
chr4,+,ENSG00000137449.17,protein_coding,CPEB2
chr7,-,ENSG00000105889.16,protein_coding,STEAP1B
chr8,-,ENSG00000253688.2,lncRNA,ENSG00000253688
chr4,-,ENSG00000251075.2,lncRNA,HTT-AS
chr1,-,ENSG00000186007.10,protein_coding,LEMD1
chr6,+,ENSG00000112473.19,protein_coding,SLC39A7
chr3,-,ENSG00000287795.1,lncRNA,ENSG00000287795
chr2,+,ENSG00000287867.1,lncRNA,ENSG00000287867
chr2,-,ENSG00000168288.13,protein_coding,MMADHC
chr5,-,ENSG00000238374.1,snRNA,RNU7-180P
chr1,+,ENSG00000203995.11,protein_coding,ZYG11A
chr3,-,ENSG00000221015.1,snRNA,RNU6ATAC29P
chr10,-,ENSG00000285932.1,protein_coding,ENSG00000285932
chr1,+,ENSG00000143341.12,protein_coding,HMCN1
chr3,-,ENSG00000091181.20,protein_coding,IL5RA
chr10,+,ENSG00000287936.1,lncRNA,ENSG00000287936
chr9,+,ENSG00000235201.1,lncRNA,LINC02578
chr10,+,ENSG00000107736.22,protein_coding,CDH23
chr8,-,ENSG00000251191.8,lncRNA,LINC00589
